Actual_Close,Predicted_Close
99299.1953125,97125.21
95795.515625,96435.74
94164.859375,95703.55
95163.9296875,94841.75
93530.2265625,94134.164
92643.2109375,93377.47
