Actual_Close,Predicted_Close
3493.2353515625,3317.32
3331.225830078125,3316.176
3328.9169921875,3310.6858
3397.90234375,3305.42
3349.513427734375,3311.395
3356.392578125,3316.9795
